periodo,mes,anio,region,canal,pedidos,entregas_a_tiempo,entregas_a_tiempo_pct,tiempo_promedio_entrega_horas,costo_logistico_promedio_cop,devoluciones_pct,fuente_base,nota_metodologica
2024-01,Enero,2024,Bogota y Cundinamarca,Web,171124,152636,0.892,27.0,10974.0,0.0483,Grupo Éxito - Informe de Gestión 2024 / Información citada en el documento de la Actividad 8,Dataset sintético académico estimado a partir de cifras públicas; no corresponde a datos internos reales de Grupo Éxito.
2024-01,Enero,2024,Bogota y Cundinamarca,App,83819,73472,0.8766,23.1,6535.0,0.0381,Grupo Éxito - Informe de Gestión 2024 / Información citada en el documento de la Actividad 8,Dataset sintético académico estimado a partir de cifras públicas; no corresponde a datos internos reales de Grupo Éxito.
2024-01,Enero,2024,Bogota y Cundinamarca,Marketplace,227506,212275,0.9331,22.9,6501.0,0.038,Grupo Éxito - Informe de Gestión 2024 / Información citada en el documento de la Actividad 8,Dataset sintético académico estimado a partir de cifras públicas; no corresponde a datos internos reales de Grupo Éxito.
2024-01,Enero,2024,Antioquia,Web,135651,112111,0.8265,25.9,9135.0,0.0432,Grupo Éxito - Informe de Gestión 2024 / Información citada en el documento de la Actividad 8,Dataset sintético académico estimado a partir de cifras públicas; no corresponde a datos internos reales de Grupo Éxito.
2024-01,Enero,2024,Antioquia,App,57108,48870,0.8558,13.2,8560.0,0.0481,Grupo Éxito - Informe de Gestión 2024 / Información citada en el documento de la Actividad 8,Dataset sintético académico estimado a partir de cifras públicas; no corresponde a datos internos reales de Grupo Éxito.
2024-01,Enero,2024,Antioquia,Marketplace,147740,137750,0.9324,33.8,12537.0,0.0518,Grupo Éxito - Informe de Gestión 2024 / Información citada en el documento de la Actividad 8,Dataset sintético académico estimado a partir de cifras públicas; no corresponde a datos internos reales de Grupo Éxito.
2024-01,Enero,2024,Valle del Cauca,Web,82591,77252,0.9354,31.5,9860.0,0.0173,Grupo Éxito - Informe de Gestión 2024 / Información citada en el documento de la Actividad 8,Dataset sintético académico estimado a partir de cifras públicas; no corresponde a datos internos reales de Grupo Éxito.
2024-01,Enero,2024,Valle del Cauca,App,39790,36000,0.9048,32.1,12701.0,0.0214,Grupo Éxito - Informe de Gestión 2024 / Información citada en el documento de la Actividad 8,Dataset sintético académico estimado a partir de cifras públicas; no corresponde a datos internos reales de Grupo Éxito.
2024-01,Enero,2024,Valle del Cauca,Marketplace,97967,86097,0.8788,14.0,18424.0,0.0179,Grupo Éxito - Informe de Gestión 2024 / Información citada en el documento de la Actividad 8,Dataset sintético académico estimado a partir de cifras públicas; no corresponde a datos internos reales de Grupo Éxito.
2024-01,Enero,2024,Costa Caribe,Web,103449,89017,0.8605,40.5,15769.0,0.0152,Grupo Éxito - Informe de Gestión 2024 / Información citada en el documento de la Actividad 8,Dataset sintético académico estimado a partir de cifras públicas; no corresponde a datos internos reales de Grupo Éxito.
2024-01,Enero,2024,Costa Caribe,App,39725,35443,0.8922,40.7,14198.0,0.0451,Grupo Éxito - Informe de Gestión 2024 / Información citada en el documento de la Actividad 8,Dataset sintético académico estimado a partir de cifras públicas; no corresponde a datos internos reales de Grupo Éxito.
2024-01,Enero,2024,Costa Caribe,Marketplace,104626,84234,0.8051,28.2,6512.0,0.0221,Grupo Éxito - Informe de Gestión 2024 / Información citada en el documento de la Actividad 8,Dataset sintético académico estimado a partir de cifras públicas; no corresponde a datos internos reales de Grupo Éxito.
2024-01,Enero,2024,Eje Cafetero,Web,45178,41787,0.9249,33.6,14383.0,0.0276,Grupo Éxito - Informe de Gestión 2024 / Información citada en el documento de la Actividad 8,Dataset sintético académico estimado a partir de cifras públicas; no corresponde a datos internos reales de Grupo Éxito.
2024-01,Enero,2024,Eje Cafetero,App,22339,20488,0.9172,13.0,10853.0,0.0529,Grupo Éxito - Informe de Gestión 2024 / Información citada en el documento de la Actividad 8,Dataset sintético académico estimado a partir de cifras públicas; no corresponde a datos internos reales de Grupo Éxito.
2024-01,Enero,2024,Eje Cafetero,Marketplace,66840,58637,0.8773,30.1,8134.0,0.0168,Grupo Éxito - Informe de Gestión 2024 / Información citada en el documento de la Actividad 8,Dataset sintético académico estimado a partir de cifras públicas; no corresponde a datos internos reales de Grupo Éxito.
2024-01,Enero,2024,Santanderes,Web,39513,35374,0.8953,33.1,14666.0,0.0152,Grupo Éxito - Informe de Gestión 2024 / Información citada en el documento de la Actividad 8,Dataset sintético académico estimado a partir de cifras públicas; no corresponde a datos internos reales de Grupo Éxito.
2024-01,Enero,2024,Santanderes,App,19885,18051,0.9078,38.3,14344.0,0.0501,Grupo Éxito - Informe de Gestión 2024 / Información citada en el documento de la Actividad 8,Dataset sintético académico estimado a partir de cifras públicas; no corresponde a datos internos reales de Grupo Éxito.
2024-01,Enero,2024,Santanderes,Marketplace,53924,44788,0.8306,35.7,14890.0,0.0241,Grupo Éxito - Informe de Gestión 2024 / Información citada en el documento de la Actividad 8,Dataset sintético académico estimado a partir de cifras públicas; no corresponde a datos internos reales de Grupo Éxito.
2024-02,Febrero,2024,Bogota y Cundinamarca,Web,196818,181794,0.9237,23.5,11458.0,0.0372,Grupo Éxito - Informe de Gestión 2024 / Información citada en el documento de la Actividad 8,Dataset sintético académico estimado a partir de cifras públicas; no corresponde a datos internos reales de Grupo Éxito.
2024-02,Febrero,2024,Bogota y Cundinamarca,App,86175,80269,0.9315,19.6,13642.0,0.0262,Grupo Éxito - Informe de Gestión 2024 / Información citada en el documento de la Actividad 8,Dataset sintético académico estimado a partir de cifras públicas; no corresponde a datos internos reales de Grupo Éxito.
2024-02,Febrero,2024,Bogota y Cundinamarca,Marketplace,246834,206112,0.835,30.4,7557.0,0.04,Grupo Éxito - Informe de Gestión 2024 / Información citada en el documento de la Actividad 8,Dataset sintético académico estimado a partir de cifras públicas; no corresponde a datos internos reales de Grupo Éxito.
2024-02,Febrero,2024,Antioquia,Web,124188,116778,0.9403,33.5,8926.0,0.0274,Grupo Éxito - Informe de Gestión 2024 / Información citada en el documento de la Actividad 8,Dataset sintético académico estimado a partir de cifras públicas; no corresponde a datos internos reales de Grupo Éxito.
2024-02,Febrero,2024,Antioquia,App,58905,49934,0.8477,29.0,15781.0,0.0164,Grupo Éxito - Informe de Gestión 2024 / Información citada en el documento de la Actividad 8,Dataset sintético académico estimado a partir de cifras públicas; no corresponde a datos internos reales de Grupo Éxito.
2024-02,Febrero,2024,Antioquia,Marketplace,146002,122639,0.84,29.0,14468.0,0.0311,Grupo Éxito - Informe de Gestión 2024 / Información citada en el documento de la Actividad 8,Dataset sintético académico estimado a partir de cifras públicas; no corresponde a datos internos reales de Grupo Éxito.
2024-02,Febrero,2024,Valle del Cauca,Web,81945,67926,0.8289,31.6,9060.0,0.0503,Grupo Éxito - Informe de Gestión 2024 / Información citada en el documento de la Actividad 8,Dataset sintético académico estimado a partir de cifras públicas; no corresponde a datos internos reales de Grupo Éxito.
2024-02,Febrero,2024,Valle del Cauca,App,42208,36585,0.8668,17.6,15667.0,0.048,Grupo Éxito - Informe de Gestión 2024 / Información citada en el documento de la Actividad 8,Dataset sintético académico estimado a partir de cifras públicas; no corresponde a datos internos reales de Grupo Éxito.
2024-02,Febrero,2024,Valle del Cauca,Marketplace,97492,91583,0.9394,21.3,7226.0,0.0495,Grupo Éxito - Informe de Gestión 2024 / Información citada en el documento de la Actividad 8,Dataset sintético académico estimado a partir de cifras públicas; no corresponde a datos internos reales de Grupo Éxito.
2024-02,Febrero,2024,Costa Caribe,Web,101489,85921,0.8466,36.4,11874.0,0.0385,Grupo Éxito - Informe de Gestión 2024 / Información citada en el documento de la Actividad 8,Dataset sintético académico estimado a partir de cifras públicas; no corresponde a datos internos reales de Grupo Éxito.
2024-02,Febrero,2024,Costa Caribe,App,40628,35887,0.8833,25.5,10095.0,0.0367,Grupo Éxito - Informe de Gestión 2024 / Información citada en el documento de la Actividad 8,Dataset sintético académico estimado a partir de cifras públicas; no corresponde a datos internos reales de Grupo Éxito.
2024-02,Febrero,2024,Costa Caribe,Marketplace,106424,88275,0.8295,23.9,16102.0,0.0303,Grupo Éxito - Informe de Gestión 2024 / Información citada en el documento de la Actividad 8,Dataset sintético académico estimado a partir de cifras públicas; no corresponde a datos internos reales de Grupo Éxito.
2024-02,Febrero,2024,Eje Cafetero,Web,50776,47628,0.938,33.3,10075.0,0.0516,Grupo Éxito - Informe de Gestión 2024 / Información citada en el documento de la Actividad 8,Dataset sintético académico estimado a partir de cifras públicas; no corresponde a datos internos reales de Grupo Éxito.
2024-02,Febrero,2024,Eje Cafetero,App,22451,19375,0.863,13.2,16296.0,0.0521,Grupo Éxito - Informe de Gestión 2024 / Información citada en el documento de la Actividad 8,Dataset sintético académico estimado a partir de cifras públicas; no corresponde a datos internos reales de Grupo Éxito.
2024-02,Febrero,2024,Eje Cafetero,Marketplace,62163,54153,0.8712,21.9,10527.0,0.0182,Grupo Éxito - Informe de Gestión 2024 / Información citada en el documento de la Actividad 8,Dataset sintético académico estimado a partir de cifras públicas; no corresponde a datos internos reales de Grupo Éxito.
2024-02,Febrero,2024,Santanderes,Web,44190,35826,0.8107,32.4,15250.0,0.0154,Grupo Éxito - Informe de Gestión 2024 / Información citada en el documento de la Actividad 8,Dataset sintético académico estimado a partir de cifras públicas; no corresponde a datos internos reales de Grupo Éxito.
2024-02,Febrero,2024,Santanderes,App,16697,15224,0.9118,39.9,10395.0,0.0167,Grupo Éxito - Informe de Gestión 2024 / Información citada en el documento de la Actividad 8,Dataset sintético académico estimado a partir de cifras públicas; no corresponde a datos internos reales de Grupo Éxito.
2024-02,Febrero,2024,Santanderes,Marketplace,53228,44191,0.8302,20.6,18381.0,0.0191,Grupo Éxito - Informe de Gestión 2024 / Información citada en el documento de la Actividad 8,Dataset sintético académico estimado a partir de cifras públicas; no corresponde a datos internos reales de Grupo Éxito.
2024-03,Marzo,2024,Bogota y Cundinamarca,Web,193906,182976,0.9436,33.9,12052.0,0.0353,Grupo Éxito - Informe de Gestión 2024 / Información citada en el documento de la Actividad 8,Dataset sintético académico estimado a partir de cifras públicas; no corresponde a datos internos reales de Grupo Éxito.
2024-03,Marzo,2024,Bogota y Cundinamarca,App,101832,91458,0.8981,27.1,8208.0,0.0472,Grupo Éxito - Informe de Gestión 2024 / Información citada en el documento de la Actividad 8,Dataset sintético académico estimado a partir de cifras públicas; no corresponde a datos internos reales de Grupo Éxito.
2024-03,Marzo,2024,Bogota y Cundinamarca,Marketplace,295231,259175,0.8779,20.6,14741.0,0.0221,Grupo Éxito - Informe de Gestión 2024 / Información citada en el documento de la Actividad 8,Dataset sintético académico estimado a partir de cifras públicas; no corresponde a datos internos reales de Grupo Éxito.
2024-03,Marzo,2024,Antioquia,Web,135397,118173,0.8728,25.7,17533.0,0.0276,Grupo Éxito - Informe de Gestión 2024 / Información citada en el documento de la Actividad 8,Dataset sintético académico estimado a partir de cifras públicas; no corresponde a datos internos reales de Grupo Éxito.
2024-03,Marzo,2024,Antioquia,App,73284,62646,0.8548,32.7,14691.0,0.0549,Grupo Éxito - Informe de Gestión 2024 / Información citada en el documento de la Actividad 8,Dataset sintético académico estimado a partir de cifras públicas; no corresponde a datos internos reales de Grupo Éxito.
2024-03,Marzo,2024,Antioquia,Marketplace,192081,174158,0.9067,16.0,17313.0,0.0464,Grupo Éxito - Informe de Gestión 2024 / Información citada en el documento de la Actividad 8,Dataset sintético académico estimado a partir de cifras públicas; no corresponde a datos internos reales de Grupo Éxito.
2024-03,Marzo,2024,Valle del Cauca,Web,97196,84215,0.8665,33.2,6627.0,0.0494,Grupo Éxito - Informe de Gestión 2024 / Información citada en el documento de la Actividad 8,Dataset sintético académico estimado a partir de cifras públicas; no corresponde a datos internos reales de Grupo Éxito.
2024-03,Marzo,2024,Valle del Cauca,App,46768,42603,0.911,13.1,10334.0,0.0285,Grupo Éxito - Informe de Gestión 2024 / Información citada en el documento de la Actividad 8,Dataset sintético académico estimado a partir de cifras públicas; no corresponde a datos internos reales de Grupo Éxito.
2024-03,Marzo,2024,Valle del Cauca,Marketplace,127018,119519,0.941,31.9,10664.0,0.0469,Grupo Éxito - Informe de Gestión 2024 / Información citada en el documento de la Actividad 8,Dataset sintético académico estimado a partir de cifras públicas; no corresponde a datos internos reales de Grupo Éxito.
2024-03,Marzo,2024,Costa Caribe,Web,104722,90738,0.8665,29.7,17187.0,0.0286,Grupo Éxito - Informe de Gestión 2024 / Información citada en el documento de la Actividad 8,Dataset sintético académico estimado a partir de cifras públicas; no corresponde a datos internos reales de Grupo Éxito.
2024-03,Marzo,2024,Costa Caribe,App,48667,38724,0.7957,38.4,7699.0,0.0327,Grupo Éxito - Informe de Gestión 2024 / Información citada en el documento de la Actividad 8,Dataset sintético académico estimado a partir de cifras públicas; no corresponde a datos internos reales de Grupo Éxito.
2024-03,Marzo,2024,Costa Caribe,Marketplace,118788,95836,0.8068,33.1,7094.0,0.0292,Grupo Éxito - Informe de Gestión 2024 / Información citada en el documento de la Actividad 8,Dataset sintético académico estimado a partir de cifras públicas; no corresponde a datos internos reales de Grupo Éxito.
2024-03,Marzo,2024,Eje Cafetero,Web,53206,48291,0.9076,26.2,17461.0,0.0417,Grupo Éxito - Informe de Gestión 2024 / Información citada en el documento de la Actividad 8,Dataset sintético académico estimado a partir de cifras públicas; no corresponde a datos internos reales de Grupo Éxito.
2024-03,Marzo,2024,Eje Cafetero,App,27243,22509,0.8263,33.6,9954.0,0.0421,Grupo Éxito - Informe de Gestión 2024 / Información citada en el documento de la Actividad 8,Dataset sintético académico estimado a partir de cifras públicas; no corresponde a datos internos reales de Grupo Éxito.
2024-03,Marzo,2024,Eje Cafetero,Marketplace,59884,51471,0.8595,27.9,8939.0,0.0509,Grupo Éxito - Informe de Gestión 2024 / Información citada en el documento de la Actividad 8,Dataset sintético académico estimado a partir de cifras públicas; no corresponde a datos internos reales de Grupo Éxito.
2024-03,Marzo,2024,Santanderes,Web,38424,31740,0.8261,22.8,6877.0,0.0236,Grupo Éxito - Informe de Gestión 2024 / Información citada en el documento de la Actividad 8,Dataset sintético académico estimado a partir de cifras públicas; no corresponde a datos internos reales de Grupo Éxito.
2024-03,Marzo,2024,Santanderes,App,18737,16291,0.8695,41.4,9911.0,0.0179,Grupo Éxito - Informe de Gestión 2024 / Información citada en el documento de la Actividad 8,Dataset sintético académico estimado a partir de cifras públicas; no corresponde a datos internos reales de Grupo Éxito.
2024-03,Marzo,2024,Santanderes,Marketplace,53836,46823,0.8697,22.1,9157.0,0.0412,Grupo Éxito - Informe de Gestión 2024 / Información citada en el documento de la Actividad 8,Dataset sintético académico estimado a partir de cifras públicas; no corresponde a datos internos reales de Grupo Éxito.
2024-04,Abril,2024,Bogota y Cundinamarca,Web,228629,205802,0.9002,15.8,13045.0,0.0288,Grupo Éxito - Informe de Gestión 2024 / Información citada en el documento de la Actividad 8,Dataset sintético académico estimado a partir de cifras públicas; no corresponde a datos internos reales de Grupo Éxito.
2024-04,Abril,2024,Bogota y Cundinamarca,App,110299,103483,0.9382,27.1,10586.0,0.0168,Grupo Éxito - Informe de Gestión 2024 / Información citada en el documento de la Actividad 8,Dataset sintético académico estimado a partir de cifras públicas; no corresponde a datos internos reales de Grupo Éxito.
2024-04,Abril,2024,Bogota y Cundinamarca,Marketplace,261763,215777,0.8243,21.0,12343.0,0.0526,Grupo Éxito - Informe de Gestión 2024 / Información citada en el documento de la Actividad 8,Dataset sintético académico estimado a partir de cifras públicas; no corresponde a datos internos reales de Grupo Éxito.
2024-04,Abril,2024,Antioquia,Web,108229,89018,0.8225,24.6,17815.0,0.0514,Grupo Éxito - Informe de Gestión 2024 / Información citada en el documento de la Actividad 8,Dataset sintético académico estimado a partir de cifras públicas; no corresponde a datos internos reales de Grupo Éxito.
2024-04,Abril,2024,Antioquia,App,64275,53321,0.8296,20.5,11771.0,0.0255,Grupo Éxito - Informe de Gestión 2024 / Información citada en el documento de la Actividad 8,Dataset sintético académico estimado a partir de cifras públicas; no corresponde a datos internos reales de Grupo Éxito.
2024-04,Abril,2024,Antioquia,Marketplace,181270,169742,0.9364,33.9,12511.0,0.0428,Grupo Éxito - Informe de Gestión 2024 / Información citada en el documento de la Actividad 8,Dataset sintético académico estimado a partir de cifras públicas; no corresponde a datos internos reales de Grupo Éxito.
2024-04,Abril,2024,Valle del Cauca,Web,74998,70173,0.9357,16.8,8826.0,0.0489,Grupo Éxito - Informe de Gestión 2024 / Información citada en el documento de la Actividad 8,Dataset sintético académico estimado a partir de cifras públicas; no corresponde a datos internos reales de Grupo Éxito.
2024-04,Abril,2024,Valle del Cauca,App,39798,36250,0.9109,33.7,16843.0,0.0158,Grupo Éxito - Informe de Gestión 2024 / Información citada en el documento de la Actividad 8,Dataset sintético académico estimado a partir de cifras públicas; no corresponde a datos internos reales de Grupo Éxito.
2024-04,Abril,2024,Valle del Cauca,Marketplace,107942,94945,0.8796,28.7,16658.0,0.0284,Grupo Éxito - Informe de Gestión 2024 / Información citada en el documento de la Actividad 8,Dataset sintético académico estimado a partir de cifras públicas; no corresponde a datos internos reales de Grupo Éxito.
2024-04,Abril,2024,Costa Caribe,Web,82315,66748,0.8109,27.7,6633.0,0.0347,Grupo Éxito - Informe de Gestión 2024 / Información citada en el documento de la Actividad 8,Dataset sintético académico estimado a partir de cifras públicas; no corresponde a datos internos reales de Grupo Éxito.
2024-04,Abril,2024,Costa Caribe,App,55314,45949,0.8307,22.9,11194.0,0.0264,Grupo Éxito - Informe de Gestión 2024 / Información citada en el documento de la Actividad 8,Dataset sintético académico estimado a partir de cifras públicas; no corresponde a datos internos reales de Grupo Éxito.
2024-04,Abril,2024,Costa Caribe,Marketplace,125915,103643,0.8231,32.8,14033.0,0.0415,Grupo Éxito - Informe de Gestión 2024 / Información citada en el documento de la Actividad 8,Dataset sintético académico estimado a partir de cifras públicas; no corresponde a datos internos reales de Grupo Éxito.
2024-04,Abril,2024,Eje Cafetero,Web,49336,45452,0.9213,16.8,9156.0,0.0282,Grupo Éxito - Informe de Gestión 2024 / Información citada en el documento de la Actividad 8,Dataset sintético académico estimado a partir de cifras públicas; no corresponde a datos internos reales de Grupo Éxito.
2024-04,Abril,2024,Eje Cafetero,App,21210,17434,0.822,29.3,13356.0,0.0407,Grupo Éxito - Informe de Gestión 2024 / Información citada en el documento de la Actividad 8,Dataset sintético académico estimado a partir de cifras públicas; no corresponde a datos internos reales de Grupo Éxito.
2024-04,Abril,2024,Eje Cafetero,Marketplace,71236,66182,0.9291,13.0,9431.0,0.0405,Grupo Éxito - Informe de Gestión 2024 / Información citada en el documento de la Actividad 8,Dataset sintético académico estimado a partir de cifras públicas; no corresponde a datos internos reales de Grupo Éxito.
2024-04,Abril,2024,Santanderes,Web,48066,41445,0.8623,29.1,9539.0,0.0156,Grupo Éxito - Informe de Gestión 2024 / Información citada en el documento de la Actividad 8,Dataset sintético académico estimado a partir de cifras públicas; no corresponde a datos internos reales de Grupo Éxito.
2024-04,Abril,2024,Santanderes,App,23572,18979,0.8052,28.4,11829.0,0.0468,Grupo Éxito - Informe de Gestión 2024 / Información citada en el documento de la Actividad 8,Dataset sintético académico estimado a partir de cifras públicas; no corresponde a datos internos reales de Grupo Éxito.
2024-04,Abril,2024,Santanderes,Marketplace,57712,45641,0.7908,39.7,10514.0,0.054,Grupo Éxito - Informe de Gestión 2024 / Información citada en el documento de la Actividad 8,Dataset sintético académico estimado a partir de cifras públicas; no corresponde a datos internos reales de Grupo Éxito.
2024-05,Mayo,2024,Bogota y Cundinamarca,Web,249270,215227,0.8634,31.3,13251.0,0.0466,Grupo Éxito - Informe de Gestión 2024 / Información citada en el documento de la Actividad 8,Dataset sintético académico estimado a partir de cifras públicas; no corresponde a datos internos reales de Grupo Éxito.
2024-05,Mayo,2024,Bogota y Cundinamarca,App,112353,96851,0.862,24.4,8733.0,0.0218,Grupo Éxito - Informe de Gestión 2024 / Información citada en el documento de la Actividad 8,Dataset sintético académico estimado a partir de cifras públicas; no corresponde a datos internos reales de Grupo Éxito.
2024-05,Mayo,2024,Bogota y Cundinamarca,Marketplace,313649,288631,0.9202,18.9,11243.0,0.0242,Grupo Éxito - Informe de Gestión 2024 / Información citada en el documento de la Actividad 8,Dataset sintético académico estimado a partir de cifras públicas; no corresponde a datos internos reales de Grupo Éxito.
2024-05,Mayo,2024,Antioquia,Web,151127,132157,0.8745,29.7,8650.0,0.0153,Grupo Éxito - Informe de Gestión 2024 / Información citada en el documento de la Actividad 8,Dataset sintético académico estimado a partir de cifras públicas; no corresponde a datos internos reales de Grupo Éxito.
2024-05,Mayo,2024,Antioquia,App,72502,63764,0.8795,19.8,8738.0,0.0252,Grupo Éxito - Informe de Gestión 2024 / Información citada en el documento de la Actividad 8,Dataset sintético académico estimado a partir de cifras públicas; no corresponde a datos internos reales de Grupo Éxito.
2024-05,Mayo,2024,Antioquia,Marketplace,207092,193774,0.9357,27.3,8013.0,0.0513,Grupo Éxito - Informe de Gestión 2024 / Información citada en el documento de la Actividad 8,Dataset sintético académico estimado a partir de cifras públicas; no corresponde a datos internos reales de Grupo Éxito.
2024-05,Mayo,2024,Valle del Cauca,Web,80784,74656,0.9241,30.5,9208.0,0.0451,Grupo Éxito - Informe de Gestión 2024 / Información citada en el documento de la Actividad 8,Dataset sintético académico estimado a partir de cifras públicas; no corresponde a datos internos reales de Grupo Éxito.
2024-05,Mayo,2024,Valle del Cauca,App,38906,32859,0.8446,27.4,8519.0,0.0409,Grupo Éxito - Informe de Gestión 2024 / Información citada en el documento de la Actividad 8,Dataset sintético académico estimado a partir de cifras públicas; no corresponde a datos internos reales de Grupo Éxito.
2024-05,Mayo,2024,Valle del Cauca,Marketplace,124485,112762,0.9058,13.5,17383.0,0.036,Grupo Éxito - Informe de Gestión 2024 / Información citada en el documento de la Actividad 8,Dataset sintético académico estimado a partir de cifras públicas; no corresponde a datos internos reales de Grupo Éxito.
2024-05,Mayo,2024,Costa Caribe,Web,92636,80081,0.8645,30.8,6551.0,0.0296,Grupo Éxito - Informe de Gestión 2024 / Información citada en el documento de la Actividad 8,Dataset sintético académico estimado a partir de cifras públicas; no corresponde a datos internos reales de Grupo Éxito.
2024-05,Mayo,2024,Costa Caribe,App,45848,36854,0.8038,22.5,11738.0,0.0364,Grupo Éxito - Informe de Gestión 2024 / Información citada en el documento de la Actividad 8,Dataset sintético académico estimado a partir de cifras públicas; no corresponde a datos internos reales de Grupo Éxito.
2024-05,Mayo,2024,Costa Caribe,Marketplace,130871,112755,0.8616,36.1,17069.0,0.0378,Grupo Éxito - Informe de Gestión 2024 / Información citada en el documento de la Actividad 8,Dataset sintético académico estimado a partir de cifras públicas; no corresponde a datos internos reales de Grupo Éxito.
2024-05,Mayo,2024,Eje Cafetero,Web,51630,48866,0.9465,15.7,14789.0,0.0303,Grupo Éxito - Informe de Gestión 2024 / Información citada en el documento de la Actividad 8,Dataset sintético académico estimado a partir de cifras públicas; no corresponde a datos internos reales de Grupo Éxito.
2024-05,Mayo,2024,Eje Cafetero,App,26230,23925,0.9121,28.5,15778.0,0.0517,Grupo Éxito - Informe de Gestión 2024 / Información citada en el documento de la Actividad 8,Dataset sintético académico estimado a partir de cifras públicas; no corresponde a datos internos reales de Grupo Éxito.
2024-05,Mayo,2024,Eje Cafetero,Marketplace,68462,62952,0.9195,27.4,16797.0,0.0177,Grupo Éxito - Informe de Gestión 2024 / Información citada en el documento de la Actividad 8,Dataset sintético académico estimado a partir de cifras públicas; no corresponde a datos internos reales de Grupo Éxito.
2024-05,Mayo,2024,Santanderes,Web,52238,45401,0.8691,23.4,17403.0,0.0342,Grupo Éxito - Informe de Gestión 2024 / Información citada en el documento de la Actividad 8,Dataset sintético académico estimado a partir de cifras públicas; no corresponde a datos internos reales de Grupo Éxito.
2024-05,Mayo,2024,Santanderes,App,20592,17630,0.8562,27.3,17085.0,0.0496,Grupo Éxito - Informe de Gestión 2024 / Información citada en el documento de la Actividad 8,Dataset sintético académico estimado a partir de cifras públicas; no corresponde a datos internos reales de Grupo Éxito.
2024-05,Mayo,2024,Santanderes,Marketplace,63135,58046,0.9194,23.0,15169.0,0.0341,Grupo Éxito - Informe de Gestión 2024 / Información citada en el documento de la Actividad 8,Dataset sintético académico estimado a partir de cifras públicas; no corresponde a datos internos reales de Grupo Éxito.
2024-06,Junio,2024,Bogota y Cundinamarca,Web,193364,163023,0.8431,16.7,10035.0,0.0201,Grupo Éxito - Informe de Gestión 2024 / Información citada en el documento de la Actividad 8,Dataset sintético académico estimado a partir de cifras públicas; no corresponde a datos internos reales de Grupo Éxito.
2024-06,Junio,2024,Bogota y Cundinamarca,App,128246,121489,0.9473,15.0,17846.0,0.0174,Grupo Éxito - Informe de Gestión 2024 / Información citada en el documento de la Actividad 8,Dataset sintético académico estimado a partir de cifras públicas; no corresponde a datos internos reales de Grupo Éxito.
2024-06,Junio,2024,Bogota y Cundinamarca,Marketplace,263117,225290,0.8562,33.7,14358.0,0.0442,Grupo Éxito - Informe de Gestión 2024 / Información citada en el documento de la Actividad 8,Dataset sintético académico estimado a partir de cifras públicas; no corresponde a datos internos reales de Grupo Éxito.
2024-06,Junio,2024,Antioquia,Web,158335,147541,0.9318,28.5,7292.0,0.054,Grupo Éxito - Informe de Gestión 2024 / Información citada en el documento de la Actividad 8,Dataset sintético académico estimado a partir de cifras públicas; no corresponde a datos internos reales de Grupo Éxito.
2024-06,Junio,2024,Antioquia,App,79841,71461,0.895,27.6,14913.0,0.0419,Grupo Éxito - Informe de Gestión 2024 / Información citada en el documento de la Actividad 8,Dataset sintético académico estimado a partir de cifras públicas; no corresponde a datos internos reales de Grupo Éxito.
2024-06,Junio,2024,Antioquia,Marketplace,198499,181730,0.9155,14.8,14109.0,0.0541,Grupo Éxito - Informe de Gestión 2024 / Información citada en el documento de la Actividad 8,Dataset sintético académico estimado a partir de cifras públicas; no corresponde a datos internos reales de Grupo Éxito.
2024-06,Junio,2024,Valle del Cauca,Web,87367,79754,0.9129,15.3,16729.0,0.0202,Grupo Éxito - Informe de Gestión 2024 / Información citada en el documento de la Actividad 8,Dataset sintético académico estimado a partir de cifras públicas; no corresponde a datos internos reales de Grupo Éxito.
2024-06,Junio,2024,Valle del Cauca,App,45957,39830,0.8667,32.5,14845.0,0.0191,Grupo Éxito - Informe de Gestión 2024 / Información citada en el documento de la Actividad 8,Dataset sintético académico estimado a partir de cifras públicas; no corresponde a datos internos reales de Grupo Éxito.
2024-06,Junio,2024,Valle del Cauca,Marketplace,118881,100480,0.8452,31.8,15612.0,0.0351,Grupo Éxito - Informe de Gestión 2024 / Información citada en el documento de la Actividad 8,Dataset sintético académico estimado a partir de cifras públicas; no corresponde a datos internos reales de Grupo Éxito.
2024-06,Junio,2024,Costa Caribe,Web,104372,94480,0.9052,29.0,11250.0,0.0151,Grupo Éxito - Informe de Gestión 2024 / Información citada en el documento de la Actividad 8,Dataset sintético académico estimado a partir de cifras públicas; no corresponde a datos internos reales de Grupo Éxito.
2024-06,Junio,2024,Costa Caribe,App,61278,48867,0.7975,35.7,13638.0,0.0524,Grupo Éxito - Informe de Gestión 2024 / Información citada en el documento de la Actividad 8,Dataset sintético académico estimado a partir de cifras públicas; no corresponde a datos internos reales de Grupo Éxito.
2024-06,Junio,2024,Costa Caribe,Marketplace,138705,117864,0.8497,28.8,13515.0,0.0394,Grupo Éxito - Informe de Gestión 2024 / Información citada en el documento de la Actividad 8,Dataset sintético académico estimado a partir de cifras públicas; no corresponde a datos internos reales de Grupo Éxito.
2024-06,Junio,2024,Eje Cafetero,Web,49077,45142,0.9198,27.0,14321.0,0.0546,Grupo Éxito - Informe de Gestión 2024 / Información citada en el documento de la Actividad 8,Dataset sintético académico estimado a partir de cifras públicas; no corresponde a datos internos reales de Grupo Éxito.
2024-06,Junio,2024,Eje Cafetero,App,23458,21317,0.9087,29.9,18239.0,0.018,Grupo Éxito - Informe de Gestión 2024 / Información citada en el documento de la Actividad 8,Dataset sintético académico estimado a partir de cifras públicas; no corresponde a datos internos reales de Grupo Éxito.
2024-06,Junio,2024,Eje Cafetero,Marketplace,66356,61875,0.9325,12.9,17839.0,0.0383,Grupo Éxito - Informe de Gestión 2024 / Información citada en el documento de la Actividad 8,Dataset sintético académico estimado a partir de cifras públicas; no corresponde a datos internos reales de Grupo Éxito.
2024-06,Junio,2024,Santanderes,Web,53216,43549,0.8184,40.8,6850.0,0.0249,Grupo Éxito - Informe de Gestión 2024 / Información citada en el documento de la Actividad 8,Dataset sintético académico estimado a partir de cifras públicas; no corresponde a datos internos reales de Grupo Éxito.
2024-06,Junio,2024,Santanderes,App,26675,22950,0.8604,26.1,13941.0,0.0307,Grupo Éxito - Informe de Gestión 2024 / Información citada en el documento de la Actividad 8,Dataset sintético académico estimado a partir de cifras públicas; no corresponde a datos internos reales de Grupo Éxito.
2024-06,Junio,2024,Santanderes,Marketplace,55323,44288,0.8006,39.1,17767.0,0.0318,Grupo Éxito - Informe de Gestión 2024 / Información citada en el documento de la Actividad 8,Dataset sintético académico estimado a partir de cifras públicas; no corresponde a datos internos reales de Grupo Éxito.
2024-07,Julio,2024,Bogota y Cundinamarca,Web,191867,158724,0.8273,20.9,17118.0,0.0538,Grupo Éxito - Informe de Gestión 2024 / Información citada en el documento de la Actividad 8,Dataset sintético académico estimado a partir de cifras públicas; no corresponde a datos internos reales de Grupo Éxito.
2024-07,Julio,2024,Bogota y Cundinamarca,App,109535,103626,0.9461,20.7,17949.0,0.0501,Grupo Éxito - Informe de Gestión 2024 / Información citada en el documento de la Actividad 8,Dataset sintético académico estimado a partir de cifras públicas; no corresponde a datos internos reales de Grupo Éxito.
2024-07,Julio,2024,Bogota y Cundinamarca,Marketplace,255629,217387,0.8504,20.7,8336.0,0.0378,Grupo Éxito - Informe de Gestión 2024 / Información citada en el documento de la Actividad 8,Dataset sintético académico estimado a partir de cifras públicas; no corresponde a datos internos reales de Grupo Éxito.
2024-07,Julio,2024,Antioquia,Web,151394,131268,0.8671,13.3,13475.0,0.0462,Grupo Éxito - Informe de Gestión 2024 / Información citada en el documento de la Actividad 8,Dataset sintético académico estimado a partir de cifras públicas; no corresponde a datos internos reales de Grupo Éxito.
2024-07,Julio,2024,Antioquia,App,75260,64653,0.8591,12.8,18084.0,0.0307,Grupo Éxito - Informe de Gestión 2024 / Información citada en el documento de la Actividad 8,Dataset sintético académico estimado a partir de cifras públicas; no corresponde a datos internos reales de Grupo Éxito.
2024-07,Julio,2024,Antioquia,Marketplace,166446,143110,0.8598,28.9,15107.0,0.0377,Grupo Éxito - Informe de Gestión 2024 / Información citada en el documento de la Actividad 8,Dataset sintético académico estimado a partir de cifras públicas; no corresponde a datos internos reales de Grupo Éxito.
2024-07,Julio,2024,Valle del Cauca,Web,88155,75751,0.8593,25.3,8507.0,0.0226,Grupo Éxito - Informe de Gestión 2024 / Información citada en el documento de la Actividad 8,Dataset sintético académico estimado a partir de cifras públicas; no corresponde a datos internos reales de Grupo Éxito.
2024-07,Julio,2024,Valle del Cauca,App,51051,44419,0.8701,21.5,16508.0,0.0185,Grupo Éxito - Informe de Gestión 2024 / Información citada en el documento de la Actividad 8,Dataset sintético académico estimado a partir de cifras públicas; no corresponde a datos internos reales de Grupo Éxito.
2024-07,Julio,2024,Valle del Cauca,Marketplace,139250,118814,0.8532,29.3,14486.0,0.0518,Grupo Éxito - Informe de Gestión 2024 / Información citada en el documento de la Actividad 8,Dataset sintético académico estimado a partir de cifras públicas; no corresponde a datos internos reales de Grupo Éxito.
2024-07,Julio,2024,Costa Caribe,Web,113276,103342,0.9123,32.2,10347.0,0.0419,Grupo Éxito - Informe de Gestión 2024 / Información citada en el documento de la Actividad 8,Dataset sintético académico estimado a partir de cifras públicas; no corresponde a datos internos reales de Grupo Éxito.
2024-07,Julio,2024,Costa Caribe,App,46531,39872,0.8569,31.3,17135.0,0.0166,Grupo Éxito - Informe de Gestión 2024 / Información citada en el documento de la Actividad 8,Dataset sintético académico estimado a partir de cifras públicas; no corresponde a datos internos reales de Grupo Éxito.
2024-07,Julio,2024,Costa Caribe,Marketplace,149361,136424,0.9134,33.1,14747.0,0.0189,Grupo Éxito - Informe de Gestión 2024 / Información citada en el documento de la Actividad 8,Dataset sintético académico estimado a partir de cifras públicas; no corresponde a datos internos reales de Grupo Éxito.
2024-07,Julio,2024,Eje Cafetero,Web,54797,47836,0.873,26.1,15192.0,0.0513,Grupo Éxito - Informe de Gestión 2024 / Información citada en el documento de la Actividad 8,Dataset sintético académico estimado a partir de cifras públicas; no corresponde a datos internos reales de Grupo Éxito.
2024-07,Julio,2024,Eje Cafetero,App,28099,25444,0.9055,24.6,11063.0,0.0238,Grupo Éxito - Informe de Gestión 2024 / Información citada en el documento de la Actividad 8,Dataset sintético académico estimado a partir de cifras públicas; no corresponde a datos internos reales de Grupo Éxito.
2024-07,Julio,2024,Eje Cafetero,Marketplace,71012,65661,0.9246,31.5,15142.0,0.0535,Grupo Éxito - Informe de Gestión 2024 / Información citada en el documento de la Actividad 8,Dataset sintético académico estimado a partir de cifras públicas; no corresponde a datos internos reales de Grupo Éxito.
2024-07,Julio,2024,Santanderes,Web,43216,36730,0.8499,41.1,17168.0,0.0417,Grupo Éxito - Informe de Gestión 2024 / Información citada en el documento de la Actividad 8,Dataset sintético académico estimado a partir de cifras públicas; no corresponde a datos internos reales de Grupo Éxito.
2024-07,Julio,2024,Santanderes,App,22183,18204,0.8207,25.4,17891.0,0.053,Grupo Éxito - Informe de Gestión 2024 / Información citada en el documento de la Actividad 8,Dataset sintético académico estimado a partir de cifras públicas; no corresponde a datos internos reales de Grupo Éxito.
2024-07,Julio,2024,Santanderes,Marketplace,52522,46200,0.8796,21.7,14977.0,0.0296,Grupo Éxito - Informe de Gestión 2024 / Información citada en el documento de la Actividad 8,Dataset sintético académico estimado a partir de cifras públicas; no corresponde a datos internos reales de Grupo Éxito.
2024-08,Agosto,2024,Bogota y Cundinamarca,Web,241795,213973,0.8849,12.6,18262.0,0.0257,Grupo Éxito - Informe de Gestión 2024 / Información citada en el documento de la Actividad 8,Dataset sintético académico estimado a partir de cifras públicas; no corresponde a datos internos reales de Grupo Éxito.
2024-08,Agosto,2024,Bogota y Cundinamarca,App,127633,117573,0.9212,20.6,14778.0,0.042,Grupo Éxito - Informe de Gestión 2024 / Información citada en el documento de la Actividad 8,Dataset sintético académico estimado a partir de cifras públicas; no corresponde a datos internos reales de Grupo Éxito.
2024-08,Agosto,2024,Bogota y Cundinamarca,Marketplace,303758,280517,0.9235,20.8,15045.0,0.0438,Grupo Éxito - Informe de Gestión 2024 / Información citada en el documento de la Actividad 8,Dataset sintético académico estimado a partir de cifras públicas; no corresponde a datos internos reales de Grupo Éxito.
2024-08,Agosto,2024,Antioquia,Web,163072,149019,0.9138,32.7,17494.0,0.0284,Grupo Éxito - Informe de Gestión 2024 / Información citada en el documento de la Actividad 8,Dataset sintético académico estimado a partir de cifras públicas; no corresponde a datos internos reales de Grupo Éxito.
2024-08,Agosto,2024,Antioquia,App,64669,61158,0.9457,21.6,13272.0,0.0546,Grupo Éxito - Informe de Gestión 2024 / Información citada en el documento de la Actividad 8,Dataset sintético académico estimado a partir de cifras públicas; no corresponde a datos internos reales de Grupo Éxito.
2024-08,Agosto,2024,Antioquia,Marketplace,174750,152078,0.8703,28.0,15823.0,0.0303,Grupo Éxito - Informe de Gestión 2024 / Información citada en el documento de la Actividad 8,Dataset sintético académico estimado a partir de cifras públicas; no corresponde a datos internos reales de Grupo Éxito.
2024-08,Agosto,2024,Valle del Cauca,Web,103498,90666,0.876,31.9,8018.0,0.0221,Grupo Éxito - Informe de Gestión 2024 / Información citada en el documento de la Actividad 8,Dataset sintético académico estimado a partir de cifras públicas; no corresponde a datos internos reales de Grupo Éxito.
2024-08,Agosto,2024,Valle del Cauca,App,44337,36483,0.8229,27.4,6595.0,0.0283,Grupo Éxito - Informe de Gestión 2024 / Información citada en el documento de la Actividad 8,Dataset sintético académico estimado a partir de cifras públicas; no corresponde a datos internos reales de Grupo Éxito.
2024-08,Agosto,2024,Valle del Cauca,Marketplace,137814,124085,0.9004,32.7,12597.0,0.0476,Grupo Éxito - Informe de Gestión 2024 / Información citada en el documento de la Actividad 8,Dataset sintético académico estimado a partir de cifras públicas; no corresponde a datos internos reales de Grupo Éxito.
2024-08,Agosto,2024,Costa Caribe,Web,98088,82578,0.8419,23.1,15938.0,0.0298,Grupo Éxito - Informe de Gestión 2024 / Información citada en el documento de la Actividad 8,Dataset sintético académico estimado a partir de cifras públicas; no corresponde a datos internos reales de Grupo Éxito.
2024-08,Agosto,2024,Costa Caribe,App,52227,43310,0.8293,29.8,7854.0,0.0519,Grupo Éxito - Informe de Gestión 2024 / Información citada en el documento de la Actividad 8,Dataset sintético académico estimado a partir de cifras públicas; no corresponde a datos internos reales de Grupo Éxito.
2024-08,Agosto,2024,Costa Caribe,Marketplace,122107,110276,0.9031,26.1,9375.0,0.0461,Grupo Éxito - Informe de Gestión 2024 / Información citada en el documento de la Actividad 8,Dataset sintético académico estimado a partir de cifras públicas; no corresponde a datos internos reales de Grupo Éxito.
2024-08,Agosto,2024,Eje Cafetero,Web,55593,46443,0.8354,16.0,7970.0,0.0475,Grupo Éxito - Informe de Gestión 2024 / Información citada en el documento de la Actividad 8,Dataset sintético académico estimado a partir de cifras públicas; no corresponde a datos internos reales de Grupo Éxito.
2024-08,Agosto,2024,Eje Cafetero,App,23443,21258,0.9068,17.8,13034.0,0.0228,Grupo Éxito - Informe de Gestión 2024 / Información citada en el documento de la Actividad 8,Dataset sintético académico estimado a partir de cifras públicas; no corresponde a datos internos reales de Grupo Éxito.
2024-08,Agosto,2024,Eje Cafetero,Marketplace,77761,65355,0.8405,21.1,7896.0,0.0461,Grupo Éxito - Informe de Gestión 2024 / Información citada en el documento de la Actividad 8,Dataset sintético académico estimado a partir de cifras públicas; no corresponde a datos internos reales de Grupo Éxito.
2024-08,Agosto,2024,Santanderes,Web,52875,43238,0.8178,37.8,11934.0,0.0315,Grupo Éxito - Informe de Gestión 2024 / Información citada en el documento de la Actividad 8,Dataset sintético académico estimado a partir de cifras públicas; no corresponde a datos internos reales de Grupo Éxito.
2024-08,Agosto,2024,Santanderes,App,24814,21080,0.8495,22.3,17390.0,0.0511,Grupo Éxito - Informe de Gestión 2024 / Información citada en el documento de la Actividad 8,Dataset sintético académico estimado a partir de cifras públicas; no corresponde a datos internos reales de Grupo Éxito.
2024-08,Agosto,2024,Santanderes,Marketplace,53730,46956,0.8739,36.1,12448.0,0.0362,Grupo Éxito - Informe de Gestión 2024 / Información citada en el documento de la Actividad 8,Dataset sintético académico estimado a partir de cifras públicas; no corresponde a datos internos reales de Grupo Éxito.
2024-09,Septiembre,2024,Bogota y Cundinamarca,Web,222892,187610,0.8417,32.5,7453.0,0.0442,Grupo Éxito - Informe de Gestión 2024 / Información citada en el documento de la Actividad 8,Dataset sintético académico estimado a partir de cifras públicas; no corresponde a datos internos reales de Grupo Éxito.
2024-09,Septiembre,2024,Bogota y Cundinamarca,App,114603,107623,0.9391,24.3,10320.0,0.0234,Grupo Éxito - Informe de Gestión 2024 / Información citada en el documento de la Actividad 8,Dataset sintético académico estimado a partir de cifras públicas; no corresponde a datos internos reales de Grupo Éxito.
2024-09,Septiembre,2024,Bogota y Cundinamarca,Marketplace,336591,304794,0.9055,28.3,8615.0,0.0506,Grupo Éxito - Informe de Gestión 2024 / Información citada en el documento de la Actividad 8,Dataset sintético académico estimado a partir de cifras públicas; no corresponde a datos internos reales de Grupo Éxito.
2024-09,Septiembre,2024,Antioquia,Web,144109,126799,0.8799,17.9,14663.0,0.0506,Grupo Éxito - Informe de Gestión 2024 / Información citada en el documento de la Actividad 8,Dataset sintético académico estimado a partir de cifras públicas; no corresponde a datos internos reales de Grupo Éxito.
2024-09,Septiembre,2024,Antioquia,App,71894,60003,0.8346,16.3,18078.0,0.0498,Grupo Éxito - Informe de Gestión 2024 / Información citada en el documento de la Actividad 8,Dataset sintético académico estimado a partir de cifras públicas; no corresponde a datos internos reales de Grupo Éxito.
2024-09,Septiembre,2024,Antioquia,Marketplace,214624,194872,0.908,27.2,11431.0,0.0287,Grupo Éxito - Informe de Gestión 2024 / Información citada en el documento de la Actividad 8,Dataset sintético académico estimado a partir de cifras públicas; no corresponde a datos internos reales de Grupo Éxito.
2024-09,Septiembre,2024,Valle del Cauca,Web,102877,86332,0.8392,31.9,12054.0,0.0203,Grupo Éxito - Informe de Gestión 2024 / Información citada en el documento de la Actividad 8,Dataset sintético académico estimado a partir de cifras públicas; no corresponde a datos internos reales de Grupo Éxito.
2024-09,Septiembre,2024,Valle del Cauca,App,46949,42660,0.9087,20.9,8840.0,0.0151,Grupo Éxito - Informe de Gestión 2024 / Información citada en el documento de la Actividad 8,Dataset sintético académico estimado a partir de cifras públicas; no corresponde a datos internos reales de Grupo Éxito.
2024-09,Septiembre,2024,Valle del Cauca,Marketplace,118200,97875,0.8281,30.2,17600.0,0.0402,Grupo Éxito - Informe de Gestión 2024 / Información citada en el documento de la Actividad 8,Dataset sintético académico estimado a partir de cifras públicas; no corresponde a datos internos reales de Grupo Éxito.
2024-09,Septiembre,2024,Costa Caribe,Web,104918,84965,0.8098,29.7,12944.0,0.016,Grupo Éxito - Informe de Gestión 2024 / Información citada en el documento de la Actividad 8,Dataset sintético académico estimado a partir de cifras públicas; no corresponde a datos internos reales de Grupo Éxito.
2024-09,Septiembre,2024,Costa Caribe,App,61978,51585,0.8323,31.4,18309.0,0.0165,Grupo Éxito - Informe de Gestión 2024 / Información citada en el documento de la Actividad 8,Dataset sintético académico estimado a partir de cifras públicas; no corresponde a datos internos reales de Grupo Éxito.
2024-09,Septiembre,2024,Costa Caribe,Marketplace,162959,138987,0.8529,35.0,15254.0,0.0176,Grupo Éxito - Informe de Gestión 2024 / Información citada en el documento de la Actividad 8,Dataset sintético académico estimado a partir de cifras públicas; no corresponde a datos internos reales de Grupo Éxito.
2024-09,Septiembre,2024,Eje Cafetero,Web,49650,43702,0.8802,30.6,8838.0,0.032,Grupo Éxito - Informe de Gestión 2024 / Información citada en el documento de la Actividad 8,Dataset sintético académico estimado a partir de cifras públicas; no corresponde a datos internos reales de Grupo Éxito.
2024-09,Septiembre,2024,Eje Cafetero,App,28261,24006,0.8495,24.6,16001.0,0.0458,Grupo Éxito - Informe de Gestión 2024 / Información citada en el documento de la Actividad 8,Dataset sintético académico estimado a partir de cifras públicas; no corresponde a datos internos reales de Grupo Éxito.
2024-09,Septiembre,2024,Eje Cafetero,Marketplace,66218,57724,0.8717,29.7,14830.0,0.0348,Grupo Éxito - Informe de Gestión 2024 / Información citada en el documento de la Actividad 8,Dataset sintético académico estimado a partir de cifras públicas; no corresponde a datos internos reales de Grupo Éxito.
2024-09,Septiembre,2024,Santanderes,Web,43130,34269,0.7946,22.7,11037.0,0.0288,Grupo Éxito - Informe de Gestión 2024 / Información citada en el documento de la Actividad 8,Dataset sintético académico estimado a partir de cifras públicas; no corresponde a datos internos reales de Grupo Éxito.
2024-09,Septiembre,2024,Santanderes,App,25483,21847,0.8574,28.6,17378.0,0.0161,Grupo Éxito - Informe de Gestión 2024 / Información citada en el documento de la Actividad 8,Dataset sintético académico estimado a partir de cifras públicas; no corresponde a datos internos reales de Grupo Éxito.
2024-09,Septiembre,2024,Santanderes,Marketplace,66055,57126,0.8648,33.9,12316.0,0.0248,Grupo Éxito - Informe de Gestión 2024 / Información citada en el documento de la Actividad 8,Dataset sintético académico estimado a partir de cifras públicas; no corresponde a datos internos reales de Grupo Éxito.
2024-10,Octubre,2024,Bogota y Cundinamarca,Web,216781,188287,0.8686,25.5,16427.0,0.0494,Grupo Éxito - Informe de Gestión 2024 / Información citada en el documento de la Actividad 8,Dataset sintético académico estimado a partir de cifras públicas; no corresponde a datos internos reales de Grupo Éxito.
2024-10,Octubre,2024,Bogota y Cundinamarca,App,128708,120759,0.9382,15.3,8309.0,0.0427,Grupo Éxito - Informe de Gestión 2024 / Información citada en el documento de la Actividad 8,Dataset sintético académico estimado a partir de cifras públicas; no corresponde a datos internos reales de Grupo Éxito.
2024-10,Octubre,2024,Bogota y Cundinamarca,Marketplace,352526,299467,0.8495,25.6,17223.0,0.0391,Grupo Éxito - Informe de Gestión 2024 / Información citada en el documento de la Actividad 8,Dataset sintético académico estimado a partir de cifras públicas; no corresponde a datos internos reales de Grupo Éxito.
2024-10,Octubre,2024,Antioquia,Web,135996,116596,0.8574,30.8,14794.0,0.0481,Grupo Éxito - Informe de Gestión 2024 / Información citada en el documento de la Actividad 8,Dataset sintético académico estimado a partir de cifras públicas; no corresponde a datos internos reales de Grupo Éxito.
2024-10,Octubre,2024,Antioquia,App,81730,69377,0.8489,19.8,8050.0,0.0319,Grupo Éxito - Informe de Gestión 2024 / Información citada en el documento de la Actividad 8,Dataset sintético académico estimado a partir de cifras públicas; no corresponde a datos internos reales de Grupo Éxito.
2024-10,Octubre,2024,Antioquia,Marketplace,174310,150865,0.8655,12.8,11265.0,0.0513,Grupo Éxito - Informe de Gestión 2024 / Información citada en el documento de la Actividad 8,Dataset sintético académico estimado a partir de cifras públicas; no corresponde a datos internos reales de Grupo Éxito.
2024-10,Octubre,2024,Valle del Cauca,Web,102026,89750,0.8797,23.3,11169.0,0.0349,Grupo Éxito - Informe de Gestión 2024 / Información citada en el documento de la Actividad 8,Dataset sintético académico estimado a partir de cifras públicas; no corresponde a datos internos reales de Grupo Éxito.
2024-10,Octubre,2024,Valle del Cauca,App,57168,52559,0.9194,29.8,16457.0,0.023,Grupo Éxito - Informe de Gestión 2024 / Información citada en el documento de la Actividad 8,Dataset sintético académico estimado a partir de cifras públicas; no corresponde a datos internos reales de Grupo Éxito.
2024-10,Octubre,2024,Valle del Cauca,Marketplace,114276,93916,0.8218,14.7,11257.0,0.0292,Grupo Éxito - Informe de Gestión 2024 / Información citada en el documento de la Actividad 8,Dataset sintético académico estimado a partir de cifras públicas; no corresponde a datos internos reales de Grupo Éxito.
2024-10,Octubre,2024,Costa Caribe,Web,126733,113688,0.8971,32.2,17215.0,0.0373,Grupo Éxito - Informe de Gestión 2024 / Información citada en el documento de la Actividad 8,Dataset sintético académico estimado a partir de cifras públicas; no corresponde a datos internos reales de Grupo Éxito.
2024-10,Octubre,2024,Costa Caribe,App,58455,53489,0.915,35.5,18064.0,0.0347,Grupo Éxito - Informe de Gestión 2024 / Información citada en el documento de la Actividad 8,Dataset sintético académico estimado a partir de cifras públicas; no corresponde a datos internos reales de Grupo Éxito.
2024-10,Octubre,2024,Costa Caribe,Marketplace,164943,143819,0.8719,40.3,15645.0,0.0364,Grupo Éxito - Informe de Gestión 2024 / Información citada en el documento de la Actividad 8,Dataset sintético académico estimado a partir de cifras públicas; no corresponde a datos internos reales de Grupo Éxito.
2024-10,Octubre,2024,Eje Cafetero,Web,53254,46455,0.8723,16.4,11811.0,0.0255,Grupo Éxito - Informe de Gestión 2024 / Información citada en el documento de la Actividad 8,Dataset sintético académico estimado a partir de cifras públicas; no corresponde a datos internos reales de Grupo Éxito.
2024-10,Octubre,2024,Eje Cafetero,App,25652,24301,0.9474,33.2,18286.0,0.0543,Grupo Éxito - Informe de Gestión 2024 / Información citada en el documento de la Actividad 8,Dataset sintético académico estimado a partir de cifras públicas; no corresponde a datos internos reales de Grupo Éxito.
2024-10,Octubre,2024,Eje Cafetero,Marketplace,67643,56886,0.841,27.7,6703.0,0.0192,Grupo Éxito - Informe de Gestión 2024 / Información citada en el documento de la Actividad 8,Dataset sintético académico estimado a partir de cifras públicas; no corresponde a datos internos reales de Grupo Éxito.
2024-10,Octubre,2024,Santanderes,Web,51860,42680,0.823,23.4,13223.0,0.0418,Grupo Éxito - Informe de Gestión 2024 / Información citada en el documento de la Actividad 8,Dataset sintético académico estimado a partir de cifras públicas; no corresponde a datos internos reales de Grupo Éxito.
2024-10,Octubre,2024,Santanderes,App,26933,21817,0.8101,37.9,18390.0,0.0403,Grupo Éxito - Informe de Gestión 2024 / Información citada en el documento de la Actividad 8,Dataset sintético académico estimado a partir de cifras públicas; no corresponde a datos internos reales de Grupo Éxito.
2024-10,Octubre,2024,Santanderes,Marketplace,60033,53156,0.8855,27.8,7186.0,0.0223,Grupo Éxito - Informe de Gestión 2024 / Información citada en el documento de la Actividad 8,Dataset sintético académico estimado a partir de cifras públicas; no corresponde a datos internos reales de Grupo Éxito.
2024-11,Noviembre,2024,Bogota y Cundinamarca,Web,309618,293851,0.9491,19.4,10959.0,0.017,Grupo Éxito - Informe de Gestión 2024 / Información citada en el documento de la Actividad 8,Dataset sintético académico estimado a partir de cifras públicas; no corresponde a datos internos reales de Grupo Éxito.
2024-11,Noviembre,2024,Bogota y Cundinamarca,App,134060,124448,0.9283,26.0,15165.0,0.0496,Grupo Éxito - Informe de Gestión 2024 / Información citada en el documento de la Actividad 8,Dataset sintético académico estimado a partir de cifras públicas; no corresponde a datos internos reales de Grupo Éxito.
2024-11,Noviembre,2024,Bogota y Cundinamarca,Marketplace,338000,314732,0.9312,14.5,7165.0,0.0309,Grupo Éxito - Informe de Gestión 2024 / Información citada en el documento de la Actividad 8,Dataset sintético académico estimado a partir de cifras públicas; no corresponde a datos internos reales de Grupo Éxito.
2024-11,Noviembre,2024,Antioquia,Web,186330,159470,0.8559,30.2,6576.0,0.0418,Grupo Éxito - Informe de Gestión 2024 / Información citada en el documento de la Actividad 8,Dataset sintético académico estimado a partir de cifras públicas; no corresponde a datos internos reales de Grupo Éxito.
2024-11,Noviembre,2024,Antioquia,App,78678,70232,0.8927,18.7,7964.0,0.0375,Grupo Éxito - Informe de Gestión 2024 / Información citada en el documento de la Actividad 8,Dataset sintético académico estimado a partir de cifras públicas; no corresponde a datos internos reales de Grupo Éxito.
2024-11,Noviembre,2024,Antioquia,Marketplace,202244,189199,0.9355,13.6,15797.0,0.022,Grupo Éxito - Informe de Gestión 2024 / Información citada en el documento de la Actividad 8,Dataset sintético académico estimado a partir de cifras públicas; no corresponde a datos internos reales de Grupo Éxito.
2024-11,Noviembre,2024,Valle del Cauca,Web,119702,106071,0.8861,18.3,11292.0,0.0378,Grupo Éxito - Informe de Gestión 2024 / Información citada en el documento de la Actividad 8,Dataset sintético académico estimado a partir de cifras públicas; no corresponde a datos internos reales de Grupo Éxito.
2024-11,Noviembre,2024,Valle del Cauca,App,60861,55102,0.9054,20.5,10266.0,0.0261,Grupo Éxito - Informe de Gestión 2024 / Información citada en el documento de la Actividad 8,Dataset sintético académico estimado a partir de cifras públicas; no corresponde a datos internos reales de Grupo Éxito.
2024-11,Noviembre,2024,Valle del Cauca,Marketplace,149644,129741,0.867,17.5,7373.0,0.022,Grupo Éxito - Informe de Gestión 2024 / Información citada en el documento de la Actividad 8,Dataset sintético académico estimado a partir de cifras públicas; no corresponde a datos internos reales de Grupo Éxito.
2024-11,Noviembre,2024,Costa Caribe,Web,135437,108180,0.7987,21.9,18228.0,0.0257,Grupo Éxito - Informe de Gestión 2024 / Información citada en el documento de la Actividad 8,Dataset sintético académico estimado a partir de cifras públicas; no corresponde a datos internos reales de Grupo Éxito.
2024-11,Noviembre,2024,Costa Caribe,App,56977,50688,0.8896,34.8,10459.0,0.0259,Grupo Éxito - Informe de Gestión 2024 / Información citada en el documento de la Actividad 8,Dataset sintético académico estimado a partir de cifras públicas; no corresponde a datos internos reales de Grupo Éxito.
2024-11,Noviembre,2024,Costa Caribe,Marketplace,175850,154250,0.8772,32.7,11012.0,0.0544,Grupo Éxito - Informe de Gestión 2024 / Información citada en el documento de la Actividad 8,Dataset sintético académico estimado a partir de cifras públicas; no corresponde a datos internos reales de Grupo Éxito.
2024-11,Noviembre,2024,Eje Cafetero,Web,67028,58891,0.8786,22.9,16158.0,0.0174,Grupo Éxito - Informe de Gestión 2024 / Información citada en el documento de la Actividad 8,Dataset sintético académico estimado a partir de cifras públicas; no corresponde a datos internos reales de Grupo Éxito.
2024-11,Noviembre,2024,Eje Cafetero,App,35593,32939,0.9255,12.4,8525.0,0.0541,Grupo Éxito - Informe de Gestión 2024 / Información citada en el documento de la Actividad 8,Dataset sintético académico estimado a partir de cifras públicas; no corresponde a datos internos reales de Grupo Éxito.
2024-11,Noviembre,2024,Eje Cafetero,Marketplace,90433,74991,0.8292,31.1,12454.0,0.0204,Grupo Éxito - Informe de Gestión 2024 / Información citada en el documento de la Actividad 8,Dataset sintético académico estimado a partir de cifras públicas; no corresponde a datos internos reales de Grupo Éxito.
2024-11,Noviembre,2024,Santanderes,Web,59860,48454,0.8095,21.6,8921.0,0.0247,Grupo Éxito - Informe de Gestión 2024 / Información citada en el documento de la Actividad 8,Dataset sintético académico estimado a partir de cifras públicas; no corresponde a datos internos reales de Grupo Éxito.
2024-11,Noviembre,2024,Santanderes,App,30399,27595,0.9078,33.6,12053.0,0.0377,Grupo Éxito - Informe de Gestión 2024 / Información citada en el documento de la Actividad 8,Dataset sintético académico estimado a partir de cifras públicas; no corresponde a datos internos reales de Grupo Éxito.
2024-11,Noviembre,2024,Santanderes,Marketplace,74319,59063,0.7947,41.0,12195.0,0.018,Grupo Éxito - Informe de Gestión 2024 / Información citada en el documento de la Actividad 8,Dataset sintético académico estimado a partir de cifras públicas; no corresponde a datos internos reales de Grupo Éxito.
2024-12,Diciembre,2024,Bogota y Cundinamarca,Web,309143,289393,0.9361,17.1,16075.0,0.0544,Grupo Éxito - Informe de Gestión 2024 / Información citada en el documento de la Actividad 8,Dataset sintético académico estimado a partir de cifras públicas; no corresponde a datos internos reales de Grupo Éxito.
2024-12,Diciembre,2024,Bogota y Cundinamarca,App,143144,125525,0.8769,20.6,15676.0,0.0334,Grupo Éxito - Informe de Gestión 2024 / Información citada en el documento de la Actividad 8,Dataset sintético académico estimado a partir de cifras públicas; no corresponde a datos internos reales de Grupo Éxito.
2024-12,Diciembre,2024,Bogota y Cundinamarca,Marketplace,397148,355439,0.895,23.7,13960.0,0.0409,Grupo Éxito - Informe de Gestión 2024 / Información citada en el documento de la Actividad 8,Dataset sintético académico estimado a partir de cifras públicas; no corresponde a datos internos reales de Grupo Éxito.
2024-12,Diciembre,2024,Antioquia,Web,190590,162161,0.8508,26.0,8996.0,0.0402,Grupo Éxito - Informe de Gestión 2024 / Información citada en el documento de la Actividad 8,Dataset sintético académico estimado a partir de cifras públicas; no corresponde a datos internos reales de Grupo Éxito.
2024-12,Diciembre,2024,Antioquia,App,99726,93648,0.9391,27.2,8936.0,0.0391,Grupo Éxito - Informe de Gestión 2024 / Información citada en el documento de la Actividad 8,Dataset sintético académico estimado a partir de cifras públicas; no corresponde a datos internos reales de Grupo Éxito.
2024-12,Diciembre,2024,Antioquia,Marketplace,267786,232890,0.8697,18.8,6871.0,0.0355,Grupo Éxito - Informe de Gestión 2024 / Información citada en el documento de la Actividad 8,Dataset sintético académico estimado a partir de cifras públicas; no corresponde a datos internos reales de Grupo Éxito.
2024-12,Diciembre,2024,Valle del Cauca,Web,138959,124391,0.8952,19.4,9298.0,0.0208,Grupo Éxito - Informe de Gestión 2024 / Información citada en el documento de la Actividad 8,Dataset sintético académico estimado a partir de cifras públicas; no corresponde a datos internos reales de Grupo Éxito.
2024-12,Diciembre,2024,Valle del Cauca,App,58417,52352,0.8962,19.7,6782.0,0.029,Grupo Éxito - Informe de Gestión 2024 / Información citada en el documento de la Actividad 8,Dataset sintético académico estimado a partir de cifras públicas; no corresponde a datos internos reales de Grupo Éxito.
2024-12,Diciembre,2024,Valle del Cauca,Marketplace,187678,160539,0.8554,18.2,14181.0,0.047,Grupo Éxito - Informe de Gestión 2024 / Información citada en el documento de la Actividad 8,Dataset sintético académico estimado a partir de cifras públicas; no corresponde a datos internos reales de Grupo Éxito.
2024-12,Diciembre,2024,Costa Caribe,Web,139130,110037,0.7909,21.1,8183.0,0.0537,Grupo Éxito - Informe de Gestión 2024 / Información citada en el documento de la Actividad 8,Dataset sintético académico estimado a partir de cifras públicas; no corresponde a datos internos reales de Grupo Éxito.
2024-12,Diciembre,2024,Costa Caribe,App,73585,61060,0.8298,32.0,15650.0,0.0349,Grupo Éxito - Informe de Gestión 2024 / Información citada en el documento de la Actividad 8,Dataset sintético académico estimado a partir de cifras públicas; no corresponde a datos internos reales de Grupo Éxito.
2024-12,Diciembre,2024,Costa Caribe,Marketplace,184455,156457,0.8482,29.9,10214.0,0.0526,Grupo Éxito - Informe de Gestión 2024 / Información citada en el documento de la Actividad 8,Dataset sintético académico estimado a partir de cifras públicas; no corresponde a datos internos reales de Grupo Éxito.
2024-12,Diciembre,2024,Eje Cafetero,Web,72593,61426,0.8462,31.6,11620.0,0.0546,Grupo Éxito - Informe de Gestión 2024 / Información citada en el documento de la Actividad 8,Dataset sintético académico estimado a partir de cifras públicas; no corresponde a datos internos reales de Grupo Éxito.
2024-12,Diciembre,2024,Eje Cafetero,App,34479,29754,0.863,12.5,9431.0,0.0276,Grupo Éxito - Informe de Gestión 2024 / Información citada en el documento de la Actividad 8,Dataset sintético académico estimado a partir de cifras públicas; no corresponde a datos internos reales de Grupo Éxito.
2024-12,Diciembre,2024,Eje Cafetero,Marketplace,89955,76092,0.8459,25.0,11133.0,0.0259,Grupo Éxito - Informe de Gestión 2024 / Información citada en el documento de la Actividad 8,Dataset sintético académico estimado a partir de cifras públicas; no corresponde a datos internos reales de Grupo Éxito.
2024-12,Diciembre,2024,Santanderes,Web,63652,51828,0.8142,30.2,7449.0,0.0503,Grupo Éxito - Informe de Gestión 2024 / Información citada en el documento de la Actividad 8,Dataset sintético académico estimado a partir de cifras públicas; no corresponde a datos internos reales de Grupo Éxito.
2024-12,Diciembre,2024,Santanderes,App,33181,27757,0.8366,32.5,11062.0,0.0278,Grupo Éxito - Informe de Gestión 2024 / Información citada en el documento de la Actividad 8,Dataset sintético académico estimado a partir de cifras públicas; no corresponde a datos internos reales de Grupo Éxito.
2024-12,Diciembre,2024,Santanderes,Marketplace,74302,62281,0.8382,30.3,6595.0,0.0297,Grupo Éxito - Informe de Gestión 2024 / Información citada en el documento de la Actividad 8,Dataset sintético académico estimado a partir de cifras públicas; no corresponde a datos internos reales de Grupo Éxito.
